{"cameraMode":{"drawMode":0,"name":"Shaded","section":"Shading Mode"},"sceneLighting":false,"audioPlay":false,"sceneViewState":{"showFog":true,"showMaterialUpdate":false,"showSkybox":true,"showFlares":true,"showImageEffects":true,"showParticleSystems":true},"in2DMode":false,"pivot":{"x":-78.4810791015625,"y":-43.95549011230469,"z":64.3969497680664},"rotation":{"x":-0.1924726814031601,"y":0.20925983786582948,"z":-0.04205029830336571,"w":-0.957810640335083},"size":241.6654815673828,"orthographic":false}