{"cameraMode":{"drawMode":0,"name":"Shaded","section":"Shading Mode"},"sceneLighting":false,"audioPlay":false,"sceneViewState":{"showFog":true,"showMaterialUpdate":false,"showSkybox":true,"showFlares":true,"showImageEffects":true,"showParticleSystems":true},"in2DMode":false,"pivot":{"x":21.930282592773439,"y":-259.705078125,"z":282.92816162109377},"rotation":{"x":-0.381538063287735,"y":0.2919463515281677,"z":-0.12838459014892579,"w":-0.8675941228866577},"size":834.36376953125,"orthographic":false}